{
    "faces":[40,0,1,2,0,1,2,0,1,2,40,1,3,2,1,3,2,1,3,2,40,3,1,4,3,1,4,3,1,4,40,5,6,7,5,6,7,5,5,5,40,8,9,10,8,9,10,6,6,6,40,11,12,13,11,12,13,7,7,7,40,14,15,16,14,15,16,8,8,8,40,17,18,19,17,18,19,9,9,9,40,20,21,22,20,21,22,10,10,10,40,23,24,25,23,24,25,11,11,11,40,26,27,28,0,2,1,12,13,14,40,28,27,29,1,2,3,14,13,15,40,29,30,28,3,4,1,15,16,14,40,31,32,33,26,27,28,17,17,17,40,34,35,36,29,30,31,18,18,18,40,37,38,39,32,33,34,19,19,19,40,40,41,42,35,36,37,20,20,20,40,43,44,45,38,39,40,21,21,21,40,46,47,48,41,42,43,22,22,22,40,49,50,51,44,45,46,23,23,23],
    "uvs":[[0.49737,0.773853,0.808934,0.140916,0.257524,0.810008,0.302816,0.485676,0.375893,0.078319,0.401734,0.702025,0.667463,0.350539,0.402838,0.152427,0.239713,0.781304,0.201018,0.861119,0.270363,0.817617,0.0887893,0.779251,0.242402,0.754477,0.255857,0.682292,0.0859134,0.787626,0.108899,0.879128,0.20896,0.890098,0.0779041,0.782335,0.28047,0.675863,0.0919673,0.697296,0.00205748,0.807199,0.0921719,0.791278,0.0557487,0.754956,0.0940161,0.794885,0.0593639,0.722727,0.0469531,0.762383,0.671807,0.373292,0.401375,0.696213,0.406357,0.152443,0.26616,0.820049,0.181228,0.841861,0.240964,0.770655,0.267081,0.689822,0.242056,0.761644,0.100777,0.708272,0.116335,0.884811,0.0723889,0.791281,0.224624,0.874392,0.0879111,0.724904,0.230876,0.722596,0.097958,0.792173,0.0897726,0.79132,0.103555,0.873594,0.0567542,0.826457,0.0937104,0.801748,0.0426918,0.755722,0.0888586,0.714874]],
    "metadata":{
        "version":3,
        "faces":20,
        "generator":"io_three",
        "normals":24,
        "uvs":1,
        "type":"Geometry",
        "vertices":52
    },
    "vertices":[-6.35772,186.043,0.909736,2.09684,-34.9004,-96.4197,3.64192,198.696,75.7226,1.83028,85.4688,61.557,2.0421,-56.666,38.7215,2.09684,-34.9004,-96.4197,72.6772,-28.4794,-6.59065,2.0421,-56.666,38.7215,72.6772,-28.4794,-6.59065,1.83028,85.4688,61.557,2.0421,-56.666,38.7215,86.6498,194.769,66.3256,72.6772,-28.4794,-6.59065,2.09684,-34.9004,-96.4197,86.6498,194.769,66.3256,1.83028,85.4688,61.557,72.6772,-28.4794,-6.59065,86.6498,194.769,66.3256,2.09684,-34.9004,-96.4197,-6.35772,186.043,0.909736,1.83028,85.4688,61.557,86.6498,194.769,66.3256,3.64192,198.696,75.7226,86.6498,194.769,66.3256,-6.35772,186.043,0.909736,3.64192,198.696,75.7226,-6.35772,186.043,0.909736,3.64192,198.696,75.7226,2.09684,-34.9004,-96.4197,1.83028,85.4688,61.557,2.0421,-56.666,38.7215,-68.4414,-23.3828,-12.0084,2.09684,-34.9004,-96.4197,2.0421,-56.666,38.7215,2.0421,-56.666,38.7215,1.83028,85.4688,61.557,-68.4414,-23.3828,-12.0084,2.09684,-34.9004,-96.4197,-68.4414,-23.3828,-12.0084,-6.35772,186.043,0.909736,1.83028,85.4688,61.557,-80.4833,193.995,75.1188,-68.4414,-23.3828,-12.0084,-6.35772,186.043,0.909736,-68.4414,-23.3828,-12.0084,-80.4833,193.995,75.1188,-80.4833,193.995,75.1188,1.83028,85.4688,61.557,3.64192,198.696,75.7226,-80.4833,193.995,75.1188,3.64192,198.696,75.7226,-6.35772,186.043,0.909736],
    "normals":[-0.983428,-0.103214,0.1489,-0.999634,-0.0145268,0.0216071,-0.994903,-0.0554216,0.0841395,-0.999817,0.013184,-0.0117191,-0.999969,-0.00137333,-0.00061037,0.280313,-0.947691,-0.152501,0.571459,-0.129337,0.810358,0.771661,0.153294,-0.617267,0.350475,-0.310526,0.883572,0.513199,0.362346,-0.778008,0.105747,-0.125095,0.98648,0.0273141,0.985015,-0.170232,0.983428,0.103214,-0.1489,0.994903,0.0554216,-0.0841395,0.999634,0.0145268,-0.0216071,0.999817,-0.013184,0.0117191,0.999969,0.00137333,0.00061037,-0.331706,-0.931333,-0.150121,-0.617908,-0.125614,0.776116,-0.724723,0.254341,-0.640339,-0.339885,-0.366039,0.866298,-0.673208,0.242653,-0.698477,-0.000183111,-0.124119,0.992248,-0.0539262,0.985717,-0.15949]
}