{
    "vertices":[-1.65444,54.0746,-68.5333,-2.85197,52.0727,34.8801,-2.4562,176.263,-13.6561,-2.85197,52.0727,34.8801,-2.89885,239.428,71.6926,-2.4562,176.263,-13.6561,47.7273,178.608,9.84423,-1.65444,54.0746,-68.5333,-2.4562,176.263,-13.6561,-1.65444,54.0746,-68.5333,47.7273,178.608,9.84423,29.08,142.043,6.02382,29.08,142.043,6.02382,65.2885,51.8059,-49.9422,-1.65444,54.0746,-68.5333,-2.85197,52.0727,34.8801,29.08,142.043,6.02382,-2.89885,239.428,71.6926,47.7273,178.608,9.84423,-2.4562,176.263,-13.6561,-2.89885,239.428,71.6926,-1.65444,54.0746,-68.5333,65.2885,51.8059,-49.9422,-2.85197,52.0727,34.8801,65.2885,51.8059,-49.9422,29.08,142.043,6.02382,-2.85197,52.0727,34.8801,29.08,142.043,6.02382,47.7273,178.608,9.84423,-2.89885,239.428,71.6926,-35.0865,142.043,6.02382,-53.7338,178.608,9.84423,-1.65444,54.0746,-68.5333,-1.65444,54.0746,-68.5333,-71.2949,51.8059,-49.9422,-35.0865,142.043,6.02382,-35.0865,142.043,6.02382,-2.85197,52.0727,34.8801,-3.10765,239.428,71.6926,-53.7338,178.608,9.84423,-3.10765,239.428,71.6926,-2.4562,176.263,-13.6561,-2.4562,176.263,-13.6561,-1.65444,54.0746,-68.5333,-53.7338,178.608,9.84423,-2.4562,176.263,-13.6561,-2.85197,52.0727,34.8801,-1.65444,54.0746,-68.5333,-3.10765,239.428,71.6926,-71.2949,51.8059,-49.9422,-2.85197,52.0727,34.8801,-35.0865,142.043,6.02382,-35.0865,142.043,6.02382,-3.10765,239.428,71.6926,-53.7338,178.608,9.84423,-2.85197,52.0727,34.8801,-71.2949,51.8059,-49.9422,-1.65444,54.0746,-68.5333],
    "normals":[-0.999908,-0.00134281,-0.011597,-0.999969,0.000885037,-0.00582904,0.377331,0.381451,-0.843837,0.867,-0.461715,0.187353,0.236335,0.578845,-0.780419,0.236335,0.578845,-0.780389,0.8193,-0.110324,0.562609,0.233924,0.782067,-0.577593,-0.0283822,-0.99939,-0.0196539,0.777245,-0.0755028,0.624622,0.526658,-0.349528,0.774834,-0.873806,-0.461592,0.152776,-0.228034,0.577624,-0.783776,-0.817866,-0.112003,0.564379,-0.230079,0.781396,-0.580035,-0.371288,0.378368,-0.847896,0.999939,0.000274667,0.0089114,0.999939,0.000854518,0.0103458,0.999908,0.00134281,0.011597,0.999969,-0.000152593,0.00772118,-0.77578,-0.0770898,0.62624,-0.526658,-0.349528,0.774834,0.0274667,-0.99942,-0.019013],
    "faces":[40,0,1,2,0,1,2,0,0,0,40,3,4,5,3,4,5,1,1,1,40,6,7,8,6,7,8,2,2,2,40,9,10,11,9,10,11,3,3,3,40,12,13,14,12,13,14,4,5,4,40,15,16,17,15,16,17,6,6,6,40,18,19,20,18,19,20,7,7,7,40,21,22,23,21,22,23,8,8,8,40,24,25,26,24,25,26,9,9,9,40,27,28,29,27,28,29,10,10,10,40,30,31,32,11,10,30,11,11,11,40,33,34,35,31,13,12,12,12,12,40,36,37,38,16,32,17,13,13,13,40,39,40,41,18,20,33,14,14,14,40,42,43,44,34,35,6,15,15,15,40,45,46,47,36,37,38,16,17,18,40,46,45,48,37,36,39,17,16,19,40,49,50,51,24,40,25,20,20,20,40,52,53,54,27,29,28,21,21,21,40,55,56,57,41,22,42,22,22,22],
    "uvs":[[0.26268,0.145238,0.255106,0.665945,0.727084,0.420906,0.362666,0.122273,0.219379,0.904978,0.552413,0.641239,0.929156,0.770029,0.739001,0.619873,0.930859,0.689569,0.766777,0.575694,0.916776,0.795895,0.85999,0.753636,0.870753,0.750032,0.678713,0.723033,0.720463,0.610226,0.144159,0.0507057,0.270998,0.195153,0.24912,0.365629,0.577709,0.21105,0.641274,0.287644,0.458453,0.347322,0.328451,0.794325,0.11156,0.71577,0.333791,0.359879,0.842329,0.169603,0.848753,-0.0240338,0.986895,0.0621519,0.53512,0.10926,0.563469,0.172823,0.443027,0.292153,0.76479,0.575217,0.722582,0.606235,0.143915,0.050686,0.641875,0.289474,0.931181,0.688208,0.739904,0.616451,0.552756,0.640992,0.362705,0.12215,0.767164,0.130165,0.219379,0.904978,0.986667,0.0619768,0.334652,0.359746,0.337251,0.794357]],
    "metadata":{
        "type":"Geometry",
        "normals":23,
        "version":3,
        "uvs":1,
        "generator":"io_three",
        "vertices":58,
        "faces":20
    }
}