{
    "faces":[33,0,1,2,3,0,0,0,0,33,4,7,6,5,1,1,1,1,33,0,4,5,1,2,2,2,2,33,1,5,6,2,3,3,3,3,33,2,6,7,3,4,4,4,4,33,4,0,3,7,5,5,5,5],
    "metadata":{
        "vertices":8,
        "generator":"io_three",
        "version":3,
        "faces":6,
        "uvs":0,
        "type":"Geometry",
        "normals":6
    },
    "uvs":[],
    "vertices":[0.001,-0.001,-0.001,0.001,-0.001,0.001,-0.001,-0.001,0.001,-0.001,-0.001,-0.001,0.001,0.001,-0.000999999,0.000999999,0.001,0.001,-0.001,0.001,0.001,-0.001,0.001,-0.001],
    "normals":[0,-1,0,0,1,0,1,5.82076e-08,2.91038e-07,-2.91038e-07,-1.16415e-07,1,-1,-1.16415e-07,-2.32831e-07,2.61934e-07,2.03727e-07,-1]
}